{
	"name": "virtual-vcenters",
	"displayName": "virtual-vcenters",
	"appVersion": "2.0.0",
	"description": "This is a sample sdk app v2 to learn the flow",
	"category": "SDK",
	"appScope": "Private",
	"assets": {
		"icon": {
			"type": "png",
			"url": "https://beta.apps.opsramp.com/api/v1/apps/demo-content/icon"
		},
		"md": {
			"url": null
		},
		"images": []
	},
	"version": {
		"apiVersion": "api/v2",
		"kind": "AppVersion",
		"metadata": {
			"appName": "virtual-vcenters",
			"displayName": "virtual-vcenters",
			"description": "virtual-vcenters integrates with sample vcenter APIs",
			"version": "2.0.0",
			"categories": [
				"DISCOVERY AND MONITORING"
			]
		},
		"spec": {
			"assets": {
				"helm": {
					"pullType": "image",
					"url": "us-docker.pkg.dev/gateway-images/gateway-cluster-charts"
				},
				"maven": {
					"url": null,
					"digest": null
				},
				"icon": {
					"type": null,
					"url": null
				},
				"md": {
					"url": null
				},
				"images": [],
				"manifest": {
					"data": {
						"port": "45000"
					},
					"nativeTypes": {
						"host": {
							"resourceType": "Server",
							"metrics": {
								"system_cpu_usage_utilization": {
									"alertOn": "NONE",
									"name": "system_cpu_usage_utilization",
									"displayName": "system_cpu_usage_utilization",
									"description": "provides system_cpu_usage_utilization",
									"units": "%",
									"factor": 1,
									"dataPoint": "GUAGE",
									"plotValue": true,
									"alertSummary": "system_cpu_usage_utilization",
									"alertDescription": "system_cpu_usage_utilization",
									"warning": {
										"operator": "GREATER_THAN",
										"value": "50",
										"repeat": 1
									},
									"critical": {
										"operator": "GREATER_THAN",
										"value": "70",
										"repeat": 2
									},
									"availability": true,
									"graphPoint": true,
									"raiseAlert": true,
									"formatPlottedValue": true,
									"dataPointConverisonOptions": [{
											"0": "false"
										},
										{
											"2": "true"
										}
									],
									"formatGraph": false,
									"formatAlert": false
								}

							},
							"monitors": {
								"Performance Monitor": {
									"title": "Performance Monitor",
									"frequency": "5",
									"metrics": [
										"system_cpu_usage_utilization"
									]
								}
							}
						},
						"vm": {
							"resourceType": "Server",
							"metrics": {
				"system_memory_usage_utilization": {
									"alertOn": "STATIC",
									"name": "system_memory_usage_utilization",
									"displayName": "system_memory_usage_utilization",
									"description": "provides system_memory_usage_utilization",
									"units": "%",
									"factor": 1,
									"dataPoint": "GUAGE",
									"plotValue": true,
									"alertSummary": "system_memory_usage_utilization",
									"alertDescription": "system_memory_usage_utilization",
									"warning": {
										"operator": "GREATER_THAN",
										"value": "50",
										"repeat": 1
									},
									"critical": {
										"operator": "GREATER_THAN",
										"value": "70",
										"repeat": 2
									},
									"availability": true,
									"graphPoint": true,
									"raiseAlert": true,
									"formatPlottedValue": true,
									"dataPointConverisonOptions": [{
											"0": "false"
										},
										{
											"2": "true"
										}
									],
									"formatGraph": false,
									"formatAlert": false
								},
				"system_cpu_usage_utilization": {
									"alertOn": "STATIC",
									"name": "system_cpu_usage_utilization",
									"displayName": "system_cpu_usage_utilization",
									"description": "provides system_cpu_usage_utilization",
									"units": "%",
									"factor": 1,
									"dataPoint": "GUAGE",
									"plotValue": true,
									"alertSummary": "system_cpu_usage_utilization",
									"alertDescription": "system_cpu_usage_utilization",
									"warning": {
										"operator": "GREATER_THAN",
										"value": "50",
										"repeat": 1
									},
									"critical": {
										"operator": "GREATER_THAN",
										"value": "70",
										"repeat": 2
									},
									"availability": true,
									"graphPoint": true,
									"raiseAlert": true,
									"formatPlottedValue": true,
									"dataPointConverisonOptions": [{
											"0": "false"
										},
										{
											"1": "true"
										}
									],
									"formatGraph": false,
									"formatAlert": false
								},
				"system_disk_usage_freespace": {
									"alertOn": "STATIC",
									"name": "system_disk_usage_freespace",
									"displayName": "system_disk_usage_freespace",
									"description": "provides system_disk_usage_freespace",
									"units": "%",
									"factor": 1,
									"dataPoint": "GUAGE",
									"plotValue": true,
									"alertSummary": "system_disk_usage_freespace",
									"alertDescription": "system_disk_usage_freespace",
									"warning": {
										"operator": "GREATER_THAN",
										"value": "50",
										"repeat": 1
									},
									"critical": {
										"operator": "GREATER_THAN",
										"value": "70",
										"repeat": 2
									},
									"availability": true,
									"graphPoint": true,
									"raiseAlert": true,
									"formatPlottedValue": true,
									"dataPointConverisonOptions": [{
											"0": "false"
										},
										{
											"1": "true"
										}
									],
									"formatGraph": false,
									"formatAlert": false
								},
				"system_disk_usage_usedspace": {
									"alertOn": "STATIC",
									"name": "system_disk_usage_usedspace",
									"displayName": "system_disk_usage_usedspace",
									"description": "provides system_disk_usage_usedspace",
									"units": "%",
									"factor": 1,
									"dataPoint": "GUAGE",
									"plotValue": true,
									"alertSummary": "system_disk_usage_usedspace",
									"alertDescription": "system_disk_usage_usedspace",
									"warning": {
										"operator": "GREATER_THAN",
										"value": "50",
										"repeat": 1
									},
									"critical": {
										"operator": "GREATER_THAN",
										"value": "70",
										"repeat": 2
									},
									"availability": true,
									"graphPoint": true,
									"raiseAlert": true,
									"formatPlottedValue": true,
									"dataPointConverisonOptions": [{
											"0": "false"
										},
										{
											"1": "true"
										}
									],
									"formatGraph": false,
									"formatAlert": false
								},
				"system_memory_usage_usedspace": {
									"alertOn": "STATIC",
									"name": "system_memory_usage_usedspace",
									"displayName": "system_memory_usage_usedspace",
									"description": "provides system_memory_usage_usedspace",
									"units": "%",
									"factor": 1,
									"dataPoint": "GUAGE",
									"plotValue": true,
									"alertSummary": "system_memory_usage_usedspace",
									"alertDescription": "system_memory_usage_usedspace",
									"warning": {
										"operator": "GREATER_THAN",
										"value": "50",
										"repeat": 1
									},
									"critical": {
										"operator": "GREATER_THAN",
										"value": "70",
										"repeat": 2
									},
									"availability": true,
									"graphPoint": true,
									"raiseAlert": true,
									"formatPlottedValue": true,
									"dataPointConverisonOptions": [{
											"0": "false"
										},
										{
											"1": "true"
										}
									],
									"formatGraph": false,
									"formatAlert": false
								},
				"system_network_interface_utilization": {
									"alertOn": "STATIC",
									"name":"system_network_interface_utilization",
									"displayName": "system_network_interface_utilization",
									"description": "provides system_network_interface_utilization",
									"units": "%",
									"factor": 1,
									"dataPoint": "GUAGE",
									"plotValue": true,
									"alertSummary": "system_network_interface_utilization",
									"alertDescription": "system_network_interface_utilization",
									"warning": {
										"operator": "GREATER_THAN",
										"value": "50",
										"repeat": 1
									},
									"critical": {
										"operator": "GREATER_THAN",
										"value": "70",
										"repeat": 2
									},
									"availability": true,
									"graphPoint": true,
									"raiseAlert": true,
									"formatPlottedValue": true,
									"dataPointConverisonOptions": [{
											"0": "false"
										},
										{
											"1": "true"
										}
									],
									"formatGraph": false,
									"formatAlert": false
								},
				"system_cpu_usage_stats": {
									"alertOn": "STATIC",
									"name":"system_cpu_usage_stats",
									"displayName": "system_cpu_usage_stats",
									"description": "provides system_cpu_usage_stats",
									"units": "%",
									"factor": 1,
									"dataPoint": "GUAGE",
									"plotValue": true,
									"alertSummary": "system_cpu_usage_stats",
									"alertDescription": "system_cpu_usage_stats",
									"warning": {
										"operator": "GREATER_THAN",
										"value": "50",
										"repeat": 1
									},
									"critical": {
										"operator": "GREATER_THAN",
										"value": "70",
										"repeat": 2
									},
									"availability": true,
									"graphPoint": true,
									"raiseAlert": true,
									"formatPlottedValue": true,
									"dataPointConverisonOptions": [{
											"0": "false"
										},
										{
											"1": "true"
										}
									],
									"formatGraph": false,
									"formatAlert": false
								},
				"system_cpu_load": {
									"alertOn": "STATIC",
									"name":"system_cpu_load",
									"displayName": "system_cpu_load",
									"description": "provides system_cpu_load",
									"factor": 1,
									"dataPoint": "GUAGE",
									"plotValue": true,
									"alertSummary": "system_cpu_load",
									"alertDescription": "system_cpu_load",
									"warning": {
										"operator": "IN_LIST",
										"value": "4",
										"repeat": 1
									},
									"critical": {
										"operator": "IN_LIST",
										"value": "5",
										"repeat": 2
									},
									"availability": true,
									"graphPoint": true,
									"raiseAlert": true,
									"formatPlottedValue": true,
									"dataPointConverisonOptions": [{
											"0": "zero"
										},
										{
											"1": "one"
										}
										,
										{
											"2": "two"
										},
										{
											"3": "three"
										},
										{
											"4": "warning"
										},
										{
											"5": "critical"
										}
									],
									"formatGraph": false,
									"formatAlert": false
								}
							},
							"monitors": {
								"Performance Monitor": {
									"title": "Performance Monitor",
									"frequency": "5",
									"metrics": [
										"system_memory_usage_utilization",
										"system_cpu_usage_utilization",
										"system_disk_usage_freespace",
										"system_disk_usage_usedspace"
									]
								},
								"PerformanceMonitor2": {
									"title": "Performance Monitor2",
									"frequency": "2",
									"metrics": [
									"system_memory_usage_usedspace",
								"system_network_interface_utilization",
										"system_cpu_usage_stats",
										"system_cpu_load"
									]
								}
							}
						}
					},
					"schema": {
						"properties": {
							"ipAddress": {
								"type": "string"
							},
							"port": {
								"type": "string"
							},
							"vcenterName": {
								"type": "string"
							},
							"protocol": {
								"type": "string"
							},
							"credentials": {
								"type": "string"
							}
						},
						"required": [
							"ipAddress",
							"vcenterName",
							"port",
							"protocol"
						],
						"type": "object"
					},
					"uischema": {
						"elements": [{
								"label": "IP Address",
								"options": {
									"placeholder": "Enter IP Address"
								},
								"scope": "#/properties/ipAddress",
								"type": "Control"
							},
							{
								"label": "Port",
								"options": {
									"placeholder": "Enter Port Name"
								},
								"scope": "#/properties/port",
								"type": "Control"
							},
							{
								"label": "VCenter Name",
								"options": {
									"placeholder": "Enter VCenter Name"
								},
								"scope": "#/properties/vcenterName",
								"type": "Control"
							},
							{
								"label": "Protocol",
								"scope": "#/properties/protocol",
								"type": "Control"
							},
							{
								"type": "Control",
								"scope": "#/properties/credentials",
								"label": "Credentials",
								"options": {
									"format": "credential",
									"placeholder": "Select credential",
									"credentialType": "APPLICATION"
								}
							}
						],
						"type": "VerticalLayout"
					}
				}
			}
		}
	}
}