<?xml version="1.0" encoding="UTF-8"?>
<assembly>
	<id>bin</id>
	<formats>
		<format>tar.gz</format>
	</formats>
	<includeBaseDirectory>false</includeBaseDirectory>
	<files>
        <file>
            <source> ${project.build.directory}/${project.artifactId}-${project.version}.jar</source>
            <outputDirectory>/</outputDirectory>
        </file>
    </files>
	<dependencySets>
		<dependencySet>
			<useProjectArtifact>false</useProjectArtifact>
			<outputDirectory></outputDirectory>
			<scope>runtime</scope>
			<includes>
				<include>*:jar:*</include>
			</includes>	
		</dependencySet>
	</dependencySets>
</assembly>