[
    {
        "resource": 49348,
        "metric": "hnas_filesystem_Utilization",
        "unit": "%",
        "unitLabel": "Percentage (%)",
        "component": "5K-N800-Target-FS",
        "description": "hnas device file system percentage",
        "consolFunc": "AVERAGE",
        "factor": 1.0,
        "data": {
            "1618824600": 13.49,
            "1618824720": 13.49,
            "1618824840": 13.49,
            "1618824960": 13.49,
            "1618825080": 13.49,
            "1618825200": 13.49,
            "1618825320": 13.49,
            "1618825440": 13.49,
            "1618825560": 13.49,
            "1618825680": 13.49,
            "1618825800": 13.5
        },
        "timeSeriesType": "RealTime"
    },
    {
        "resource": 49348,
        "metric": "hnas_filesystem_Utilization",
        "unit": "%",
        "unitLabel": "Percentage (%)",
        "component": "EVS01-140-FS01",
        "description": "hnas device file system percentage",
        "consolFunc": "AVERAGE",
        "factor": 1.0,
        "data": {
            "1618824600": 14.23,
            "1618824720": 14.24,
            "1618824840": 14.24,
            "1618824960": 14.25,
            "1618825080": 14.25,
            "1618825200": 14.25,
            "1618825320": 14.25,
            "1618825440": 14.24,
            "1618825560": 14.24,
            "1618825680": 14.23,
            "1618825800": 14.23
        },
        "timeSeriesType": "RealTime"
    },
    {
        "resource": 49348,
        "metric": "hnas_filesystem_Utilization",
        "unit": "%",
        "unitLabel": "Percentage (%)",
        "component": "EVS01-140-FS02",
        "description": "hnas device file system percentage",
        "consolFunc": "AVERAGE",
        "factor": 1.0,
        "data": {
            "1618824600": 39.71,
            "1618824720": 39.71,
            "1618824840": 39.71,
            "1618824960": 39.71,
            "1618825080": 39.71,
            "1618825200": 39.71,
            "1618825320": 39.71,
            "1618825440": 39.71,
            "1618825560": 39.71,
            "1618825680": 39.71,
            "1618825800": 39.71
        },
        "timeSeriesType": "RealTime"
    },
    {
        "resource": 49348,
        "metric": "hnas_filesystem_Utilization",
        "unit": "%",
        "unitLabel": "Percentage (%)",
        "component": "EVS02-141-FS01",
        "description": "hnas device file system percentage",
        "consolFunc": "AVERAGE",
        "factor": 1.0,
        "data": {
            "1618824600": 13.54,
            "1618824720": 13.54,
            "1618824840": 13.54,
            "1618824960": 13.54,
            "1618825080": 13.54,
            "1618825200": 13.54,
            "1618825320": 13.54,
            "1618825440": 13.54,
            "1618825560": 13.53,
            "1618825680": 13.53,
            "1618825800": 13.52
        },
        "timeSeriesType": "RealTime"
    },
    {
        "resource": 49348,
        "metric": "hnas_filesystem_Utilization",
        "unit": "%",
        "unitLabel": "Percentage (%)",
        "component": "EVS02-141-FS02",
        "description": "hnas device file system percentage",
        "consolFunc": "AVERAGE",
        "factor": 1.0,
        "data": {
            "1618824600": 39.72,
            "1618824720": 39.72,
            "1618824840": 39.72,
            "1618824960": 39.72,
            "1618825080": 39.72,
            "1618825200": 39.72,
            "1618825320": 39.72,
            "1618825440": 39.72,
            "1618825560": 39.72,
            "1618825680": 39.72,
            "1618825800": 39.72
        },
        "timeSeriesType": "RealTime"
    },
    {
        "resource": 49348,
        "metric": "hnas_filesystem_Utilization",
        "unit": "%",
        "unitLabel": "Percentage (%)",
        "component": "EVS03-142-FS01",
        "description": "hnas device file system percentage",
        "consolFunc": "AVERAGE",
        "factor": 1.0,
        "data": {
            "1618824600": 15.55,
            "1618824720": 15.55,
            "1618824840": 15.56,
            "1618824960": 15.56,
            "1618825080": 15.57,
            "1618825200": 15.57,
            "1618825320": 15.57,
            "1618825440": 15.57,
            "1618825560": 15.57,
            "1618825680": 15.57,
            "1618825800": 15.57
        },
        "timeSeriesType": "RealTime"
    },
    {
        "resource": 49348,
        "metric": "hnas_filesystem_Utilization",
        "unit": "%",
        "unitLabel": "Percentage (%)",
        "component": "EVS03-142-FS02",
        "description": "hnas device file system percentage",
        "consolFunc": "AVERAGE",
        "factor": 1.0,
        "data": {
            "1618824600": 39.71,
            "1618824720": 39.71,
            "1618824840": 39.71,
            "1618824960": 39.71,
            "1618825080": 39.71,
            "1618825200": 39.71,
            "1618825320": 39.71,
            "1618825440": 39.71,
            "1618825560": 39.71,
            "1618825680": 39.71,
            "1618825800": 39.71
        },
        "timeSeriesType": "RealTime"
    },
    {
        "resource": 49348,
        "metric": "hnas_filesystem_Utilization",
        "unit": "%",
        "unitLabel": "Percentage (%)",
        "component": "EVS04-143-FS01",
        "description": "hnas device file system percentage",
        "consolFunc": "AVERAGE",
        "factor": 1.0,
        "data": {
            "1618824600": 15.74,
            "1618824720": 15.74,
            "1618824840": 15.74,
            "1618824960": 15.74,
            "1618825080": 15.73,
            "1618825200": 15.73,
            "1618825320": 15.72,
            "1618825440": 15.72,
            "1618825560": 15.72,
            "1618825680": 15.72,
            "1618825800": 15.72
        },
        "timeSeriesType": "RealTime"
    },
    {
        "resource": 49348,
        "metric": "hnas_filesystem_Utilization",
        "unit": "%",
        "unitLabel": "Percentage (%)",
        "component": "EVS04-143-FS02",
        "description": "hnas device file system percentage",
        "consolFunc": "AVERAGE",
        "factor": 1.0,
        "data": {
            "1618824600": 39.72,
            "1618824720": 39.72,
            "1618824840": 39.72,
            "1618824960": 39.72,
            "1618825080": 39.72,
            "1618825200": 39.72,
            "1618825320": 39.72,
            "1618825440": 39.72,
            "1618825560": 39.72,
            "1618825680": 39.72,
            "1618825800": 39.72
        },
        "timeSeriesType": "RealTime"
    },
    {
        "resource": 49348,
        "metric": "hnas_filesystem_Utilization",
        "unit": "%",
        "unitLabel": "Percentage (%)",
        "component": "FS-File-Source",
        "description": "hnas device file system percentage",
        "consolFunc": "AVERAGE",
        "factor": 1.0,
        "data": {
            "1618824600": 12.1,
            "1618824720": 12.1,
            "1618824840": 12.1,
            "1618824960": 12.1,
            "1618825080": 12.1,
            "1618825200": 12.1,
            "1618825320": 12.1,
            "1618825440": 12.1,
            "1618825560": 12.09,
            "1618825680": 12.09,
            "1618825800": 12.1
        },
        "timeSeriesType": "RealTime"
    },
    {
        "resource": 49348,
        "metric": "hnas_filesystem_Utilization",
        "unit": "%",
        "unitLabel": "Percentage (%)",
        "component": "FS-File-Trgt",
        "description": "hnas device file system percentage",
        "consolFunc": "AVERAGE",
        "factor": 1.0,
        "data": {
            "1618824600": 12.1,
            "1618824720": 12.1,
            "1618824840": 12.1,
            "1618824960": 12.1,
            "1618825080": 12.1,
            "1618825200": 12.09,
            "1618825320": 12.09,
            "1618825440": 12.09,
            "1618825560": 12.09,
            "1618825680": 12.1,
            "1618825800": 12.1
        },
        "timeSeriesType": "RealTime"
    },
    {
        "resource": 49348,
        "metric": "hnas_filesystem_Utilization",
        "unit": "%",
        "unitLabel": "Percentage (%)",
        "component": "FS-Obj-Source",
        "description": "hnas device file system percentage",
        "consolFunc": "AVERAGE",
        "factor": 1.0,
        "data": {
            "1618824600": 13.74,
            "1618824720": 13.74,
            "1618824840": 13.74,
            "1618824960": 13.73,
            "1618825080": 13.73,
            "1618825200": 13.73,
            "1618825320": 13.72,
            "1618825440": 13.72,
            "1618825560": 13.72,
            "1618825680": 13.73,
            "1618825800": 13.73
        },
        "timeSeriesType": "RealTime"
    },
    {
        "resource": 49348,
        "metric": "hnas_filesystem_Utilization",
        "unit": "%",
        "unitLabel": "Percentage (%)",
        "component": "FS-Obj-Trgt",
        "description": "hnas device file system percentage",
        "consolFunc": "AVERAGE",
        "factor": 1.0,
        "data": {
            "1618824600": 13.77,
            "1618824720": 13.77,
            "1618824840": 13.76,
            "1618824960": 13.76,
            "1618825080": 13.76,
            "1618825200": 13.75,
            "1618825320": 13.75,
            "1618825440": 13.75,
            "1618825560": 13.76,
            "1618825680": 13.76,
            "1618825800": 13.77
        },
        "timeSeriesType": "RealTime"
    },
    {
        "resource": 49348,
        "metric": "hnas_filesystem_Utilization",
        "unit": "%",
        "unitLabel": "Percentage (%)",
        "component": "HomeDir-FS01",
        "description": "hnas device file system percentage",
        "consolFunc": "AVERAGE",
        "factor": 1.0,
        "data": {
            "1618824600": 45.69,
            "1618824720": 45.69,
            "1618824840": 45.69,
            "1618824960": 45.69,
            "1618825080": 45.69,
            "1618825200": 45.69,
            "1618825320": 45.69,
            "1618825440": 45.69,
            "1618825560": 45.68,
            "1618825680": 45.68,
            "1618825800": 45.69
        },
        "timeSeriesType": "RealTime"
    },
    {
        "resource": 49348,
        "metric": "hnas_filesystem_Utilization",
        "unit": "%",
        "unitLabel": "Percentage (%)",
        "component": "Primary-FS",
        "description": "hnas device file system percentage",
        "consolFunc": "AVERAGE",
        "factor": 1.0,
        "data": {
            "1618824600": 70.36,
            "1618824720": 70.36,
            "1618824840": 70.36,
            "1618824960": 70.36,
            "1618825080": 70.36,
            "1618825200": 70.36,
            "1618825320": 70.36,
            "1618825440": 70.36,
            "1618825560": 70.36,
            "1618825680": 70.36,
            "1618825800": 70.36
        },
        "timeSeriesType": "RealTime"
    },
    {
        "resource": 49348,
        "metric": "hnas_filesystem_Utilization",
        "unit": "%",
        "unitLabel": "Percentage (%)",
        "component": "Quota-Test",
        "description": "hnas device file system percentage",
        "consolFunc": "AVERAGE",
        "factor": 1.0,
        "data": {
            "1618824600": 13.5,
            "1618824720": 13.5,
            "1618824840": 13.5,
            "1618824960": 13.5,
            "1618825080": 13.5,
            "1618825200": 13.5,
            "1618825320": 13.5,
            "1618825440": 13.5,
            "1618825560": 13.51,
            "1618825680": 13.51,
            "1618825800": 13.51
        },
        "timeSeriesType": "RealTime"
    },
    {
        "resource": 49348,
        "metric": "hnas_filesystem_Utilization",
        "unit": "%",
        "unitLabel": "Percentage (%)",
        "component": "Quotas-FS",
        "description": "hnas device file system percentage",
        "consolFunc": "AVERAGE",
        "factor": 1.0,
        "data": {
            "1618824600": 13.53,
            "1618824720": 13.54,
            "1618824840": 13.54,
            "1618824960": 13.55,
            "1618825080": 13.54,
            "1618825200": 13.54,
            "1618825320": 13.54,
            "1618825440": 13.54,
            "1618825560": 13.54,
            "1618825680": 13.53,
            "1618825800": 13.53
        },
        "timeSeriesType": "RealTime"
    },
    {
        "resource": 49348,
        "metric": "hnas_filesystem_Utilization",
        "unit": "%",
        "unitLabel": "Percentage (%)",
        "component": "Target-FS",
        "description": "hnas device file system percentage",
        "consolFunc": "AVERAGE",
        "factor": 1.0,
        "data": {
            "1618824600": 70.36,
            "1618824720": 70.36,
            "1618824840": 70.36,
            "1618824960": 70.36,
            "1618825080": 70.36,
            "1618825200": 70.36,
            "1618825320": 70.36,
            "1618825440": 70.36,
            "1618825560": 70.36,
            "1618825680": 70.36,
            "1618825800": 70.36
        },
        "timeSeriesType": "RealTime"
    },
    {
        "resource": 49348,
        "metric": "hnas_filesystem_Utilization",
        "unit": "%",
        "unitLabel": "Percentage (%)",
        "component": "iSCSI",
        "description": "hnas device file system percentage",
        "consolFunc": "AVERAGE",
        "factor": 1.0,
        "data": {
            "1618824600": 1.43,
            "1618824720": 1.43,
            "1618824840": 1.43,
            "1618824960": 1.43,
            "1618825080": 1.43,
            "1618825200": 1.43,
            "1618825320": 1.43,
            "1618825440": 1.43,
            "1618825560": 1.43,
            "1618825680": 1.43,
            "1618825800": 1.43
        },
        "timeSeriesType": "RealTime"
    }
]
